id_parlamentar,casa,nome_eleitoral,partido,UF,twitter,twitter2,nome_civil
204554,câmara,ABÍLIO SANTANA,PR,BA,AbilioSantana_,NA,JOSE ABILIO SILVA DE SANTANA
204521,câmara,ABOU ANNI,PSL,SP,abouannipv,NA,PAULO SERGIO ABOU ANNI
204379,câmara,ACÁCIO FAVACHO,PROS,AP,FavachoAcacio,AcacioFavacho,ACÁCIO DA SILVA FAVACHO NETO
204560,câmara,ADOLFO VIANA,PSDB,BA,AdolfoViana_,NA,ADOLFO VIANA DE CASTRO NETO
204528,câmara,ADRIANA VENTURA,NOVO,SP,adrianasounovo,NA,ADRIANA MIGUEL VENTURA
121948,câmara,ADRIANO DO BALDY,PP,GO,AdrianoBaldy,NA,ADRIANO ANTÔNIO AVELAR
74646,câmara,AÉCIO NEVES,PSDB,MG,AecioNeves,NA,AÉCIO NEVES DA CUNHA
160508,câmara,AFONSO FLORENCE,PT,BA,AfonsoFlorence‏,NA,AFONSO BANDEIRA FLORENCE
136811,câmara,AFONSO HAMM,PP,RS,depafonsohamm,NA,JOSÉ ALFONSO EBERT HAMM
178835,câmara,AFONSO MOTTA,PDT,RS,afonso_motta,NA,AFONSO ANTUNES DA MOTTA
160527,câmara,AGUINALDO RIBEIRO,PP,PB,aguinaldo1111,depaguinaldo11,AGUINALDO VELLOSO BORGES RIBEIRO
204495,câmara,AIRTON FALEIRO,PT,PA,FALEIRO13,FaleiroAirton,AIRTON LUIZ FALEIRO
204549,câmara,AJ ALBUQUERQUE,PP,CE,NA,NA,ANTONIO JOSE AGUIAR ALBUQUERQUE
178836,câmara,ALAN RICK,DEM,AC,Alan_Rick,NA,ALAN RICK MIRANDA
160559,câmara,ALCEU MOREIRA,MDB,RS,Alceu_Moreira,NA,ALCEU MOREIRA DA SILVA
204413,câmara,ALCIDES RODRIGUES,PRP,GO,NA,NA,ALCIDES RODRIGUES FILHO
204545,câmara,ALÊ SILVA,PSL,MG,oficialalesilva,NA,ALESSANDRA DA SILVA
204501,câmara,ALENCAR SANTANA BRAGA,PT,SP,AlencarBraga13,NA,ALENCAR SANTANA BRAGA
160511,câmara,ALESSANDRO MOLON,PSB,RJ,AlessandroMolon,NA,ALESSANDRO LUCCIOLA MOLON
178972,câmara,ALEX MANENTE,PPS,SP,alexmanentepps,NA,ALEX SPINELLI MANENTE
204571,câmara,ALEX SANTANA,PDT,BA,NA,NA,ALEX MARCO SANTANA SOUSA
204544,câmara,ALEXANDRE FROTA,PSL,SP,alefrotabrasil,NA,ALEXANDRE FROTA DE ANDRADE
160545,câmara,ALEXANDRE LEITE,DEM,SP,lexandreleite,NA,ALEXANDRE LEITE DA SILVA
204503,câmara,ALEXANDRE PADILHA,PT,SP,padilhando,NA,ALEXANDRE ROCHA SANTOS PADILHA
178833,câmara,ALEXANDRE SERFIOTIS,PSD,RJ,AleSerfiotis,NA,ALEXANDRE AUGUSTUS SERFIOTIS
204516,câmara,ALEXIS FONTEYNE,NOVO,SP,AlexisFonteyne,NA,ALEXIS JOSEPH STEVERLYNCK FONTEYNE
74057,câmara,ALICE PORTUGAL,PCdoB,BA,Alice_Portugal,NA,ALICE MAZZUCO PORTUGAL
178927,câmara,ALIEL MACHADO,PSB,PR,alielmachado,NA,ALIEL MACHADO BARK
204353,câmara,ALINE GURGEL,PRB,AP,alinegurgel1000,NA,ALINE PARANHOS VARONIL GURGEL
204400,câmara,ALINE SLEUTJES,PSL,PR,NA,NA,ALINE SLEUTJES
178937,câmara,ALTINEU CÔRTES,PR,RJ,Altineu,NA,ALTINEU CÔRTES FREITAS COUTINHO
178881,câmara,ALUISIO MENDES,PODE,MA,AluisioMendesMA,NA,ALUISIO GUIMARAES MENDES FILHO
178881,câmara,ALUISIO MENDES,PODE,MA,AluisioMendesMA,NA,ALUISIO GUIMARAES MENDES FILHO
204356,câmara,AMARO NETO,PRB,ES,amaronetotv,NA,AMARO ROCHA NASCIMENTO NETO
178831,câmara,ANDRÉ ABDON,PP,AP,dep_andreabdon‏,NA,ANDRE DOS SANTOS ABDON
74471,câmara,ANDRÉ DE PAULA,PSD,PE,NA,NA,ANDRÉ CARLOS ALVES DE PAULA FILHO
204423,câmara,ANDRÉ FERREIRA,PSC,PE,NA,NA,ANDRÉ FERREIRA RODRIGUES
133439,câmara,ANDRÉ FIGUEIREDO,PDT,CE,andrepdt12,NA,ANDRÉ PEIXOTO FIGUEIREDO LIMA
178882,câmara,ANDRÉ FUFUCA,PP,MA,DepAndreFufuca,NA,ANDRE LUIZ CARVALHO RIBEIRO
178882,câmara,ANDRÉ FUFUCA,PP,MA,DepAndreFufuca,NA,ANDRE LUIZ CARVALHO RIBEIRO
204515,câmara,ANDRÉ JANONES,AVANTE,MG,AndreJanonesAdv,AndreJanones,ANDRE LUIS GASPAR JANONES
73696,câmara,ANGELA AMIN,PP,SC,angelaamin11,NA,ANGELA REGINA HEINZEN AMIN HELOU
160553,câmara,ANTONIO BRITO,PSD,BA,antoniobritoba,NA,ANTONIO LUIZ PARANHOS RIBEIRO LEITE DE BRITO
73433,câmara,ARLINDO CHINAGLIA,PT,SP,achinaglia,NA,ARLINDO CHIGNALIA JUNIOR
141391,câmara,ARNALDO JARDIM,PPS,SP,ArnaldoJardim,NA,ARNALDO CALIL PEREIRA JARDIM
204414,câmara,AROLDO MARTINS,PRB,PR,aroldomartins,NA,JOSE AROLDO SOUZA MARTINS
160541,câmara,ARTHUR LIRA,PP,AL,DEPArthurLira,ArthurLira_,ARTHUR CÉSAR PEREIRA DE LIRA
160600,câmara,ARTHUR OLIVEIRA MAIA,DEM,BA,departhurmaia,NA,ARTHUR DE OLIVEIRA MAIA DA SILVA
159237,câmara,ASSIS CARVALHO,PT,PI,assis_carvalho,NA,FRANCISCO DE ASSIS CARVALHO GONÇALVES
74090,câmara,ÁTILA LINS,PP,AM,NA,NA,ÁTILA SIDNEY LINS ALBUQUERQUE
74459,câmara,ÁTILA LIRA,PSB,PI,deputadoatila,NA,ÁTILA FREITAS LIRA
74459,câmara,ÁTILA LIRA,PSB,PI,deputadoatila,NA,ÁTILA FREITAS LIRA
160665,câmara,AUGUSTO COUTINHO,SOLIDARIEDADE,PE,augustocmelo ‏,NA,AUGUSTO RODRIGUES COUTINHO DE MELO
160665,câmara,AUGUSTO COUTINHO,SOLIDARIEDADE,PE,augustocmelo ‏,NA,AUGUSTO RODRIGUES COUTINHO DE MELO
204509,câmara,ÁUREA CAROLINA,PSOL,MG,aureacarolinax,NA,ÁUREA CAROLINA DE FREITAS E SILVA
160512,câmara,AUREO RIBEIRO,SOLIDARIEDADE,RJ,DeputadoAureo,AureoRibeiroRJ,AUREO LIDIO MOREIRA RIBEIRO
69871,câmara,BACELAR,PODE,BA,DeputadoBacelar,NA,JOAO CARLOS BACELAR BATISTA
178975,câmara,BALEIA ROSSI,MDB,SP,baleia_rossi,NA,LUIZ FELIPE BALEIA TENUTO ROSSI
73701,câmara,BENEDITA DA SILVA,PT,RJ,dasilvabenedita ‏,depbenedita,BENEDITA SOUZA DA SILVA SAMPAIO
73701,câmara,BENEDITA DA SILVA,PT,RJ,dasilvabenedita ‏,depbenedita,BENEDITA SOUZA DA SILVA SAMPAIO
109429,câmara,BENES LEOCÁDIO,PRB,RN,NA,NA,LUIZ BENES LEOCADIO DE ARAUJO
141335,câmara,BETO FARO,PT,PA,BetoFaroPT ‏,NA,JOSÉ ROBERTO OLIVEIRA FARO
141335,câmara,BETO FARO,PT,PA,BetoFaroPT ‏,NA,JOSÉ ROBERTO OLIVEIRA FARO
204358,câmara,BETO PEREIRA,PSDB,MS,betopereirams,NA,HUMBERTO REZENDE PEREIRA
178948,câmara,BETO ROSADO,PP,RN,betorosado,NA,CARLOS ALBERTO DE SOUSA ROSADO SEGUNDO
207176,câmara,BIA CAVASSA,PSDB,MS,BiaCavassa,NA,BEATRIZ ROSALIA RIBEIRO CAVASSA DE OLIVEIRA
204374,câmara,BIA KICIS,PSL,DF,Biakicis,NA,BEATRIZ KICIS TORRENTS DE SORDI
204388,câmara,BIBO NUNES,PSL,RS,bibonunes1,bibonunes,ALCIBIO MESQUITA BIBO NUNES
141513,câmara,BILAC PINTO,DEM,MG,bilac_pinto,NA,OLAVO BILAC PINTO NETO
204561,câmara,BIRA DO PINDARÉ,PSB,MA,BiradoPindare,NA,UBIRAJARA DO PINDARÉ ALMEIDA SOUSA
204397,câmara,BOCA ABERTA,PROS,PR,BocaAbertaOf,NA,EMERSON MIGUEL PETRIV
160538,câmara,BOHN GASS,PT,RS,BOHNGASS,NA,ELVINO JOSÉ BOHN GASS
74052,câmara,BOSCO COSTA,PR,SE,BoscoCosta1234,NA,JOÃO BOSCO DA COSTA
204551,câmara,BOSCO SARAIVA,SOLIDARIEDADE,AM,boscosaraiva,NA,JOÃO BOSCO GOMES SARAIVA
160589,câmara,BRUNA FURLAN,PSDB,SP,BrunaFurlan_,DepBrunaFurlan,BRUNA DIAS FURLAN
204520,câmara,CABO JUNIO AMARAL,PSL,MG,cabojunioamaral,NA,GERALDO JUNIO DO AMARAL
93083,câmara,CACÁ LEÃO,PP,BA,CacaLeao‏,CacaLeao,CARLOS FELIPE VAZQUEZ DE SOUZA LEÃO
178853,câmara,CAETANO,PT,BA,DepCaetano‏,DepCaetano,LUIZ CARLOS CAETANO
204352,câmara,CAMILO CAPIBERIBE,PSB,AP,CamiloPSB,NA,CARLOS CAMILO GÓES CAPIBERIBE
204572,câmara,CAPITÃO ALBERTO NETO,PRB,AM,capalbertoneto,cavalcantecta_n,ALBERTO BARROS CAVALCANTE NETO
178829,câmara,CAPITÃO AUGUSTO,PR,SP,capitao_augusto,deputadocapitao,JOSE AUGUSTO ROSA
178924,câmara,CAPITÃO FÁBIO ABREU,PR,PI,depfabioabreu,NA,FABIO ABREU COSTA
204487,câmara,CAPITÃO WAGNER,PROS,CE,capitao_wagner,NA,WAGNER SOUSA GOMES
204507,câmara,CARLA ZAMBELLI,PSL,SP,CarlaZambelli17,NA,CARLA ZAMBELLI SALGADO
141401,câmara,CARLOS BEZERRA,MDB,MT,CarlosBezerraJr,bezerra1515,CARLOS GOMES BEZERRA
204361,câmara,CARLOS CHIODINI,MDB,SC,carloschiodini,NA,CARLOS ALBERTO CHIODINI
178962,câmara,CARLOS GOMES,PRB,RS,carlosgomesdep,NA,ANTONIO CARLOS GOMES DA SILVA
178993,câmara,CARLOS HENRIQUE GAGUIM,DEM,TO,carlos_gaguim,NA,CARLOS HENRIQUE AMORIM
204460,câmara,CARLOS JORDY,PSL,RJ,carlosjordy,NA,CARLOS ROBERTO COELHO DE MATTOS JÚNIOR
74262,câmara,CARLOS SAMPAIO,PSDB,SP,carlossampaio_,NA,CARLOS HENRIQUE FOCESI SAMPAIO
204426,câmara,CARLOS VERAS,PT,PE,carlosveras1314,NA,JOSÉ CARLOS VERAS DOS SANTOS
141398,câmara,CARLOS ZARATTINI,PT,SP,CarlosZarattini,NA,CARLOS ALBERTO ROLIM ZARATTINI
164360,câmara,CARMEN ZANOTTO,PPS,SC,carmenzanotto,ImprensaZanotto,CARMEN EMÍLIA BONFÁ ZANOTTO
204369,câmara,CAROLINE DE TONI,PSL,SC,CarolDeToni3,NA,CAROLINE RODRIGUES DE TONI
204499,câmara,CÁSSIO ANDRADE,PSB,PA,Cassio_4011,NA,CASSIO COELHO ANDRADE
204380,câmara,CELINA LEÃO,PP,DF,celinaleao,NA,CELINA LEAO HIZIM
204370,câmara,CÉLIO MOURA,PT,TO,CelioMoura13,NA,CELIO ALVES DE MOURA
178876,câmara,CÉLIO SILVEIRA,PSDB,GO,csilveira4599 ‏,csilveira4599,CELIO ANTONIO DA SILVEIRA
178876,câmara,CÉLIO SILVEIRA,PSDB,GO,csilveira4599 ‏,csilveira4599,CELIO ANTONIO DA SILVEIRA
204488,câmara,CÉLIO STUDART,PV,CE,CelioStudart,NA,CELIO STUDART BARBOSA
141405,câmara,CELSO MALDANER,MDB,SC,celsomaldaner,maldaner_celso,CELSO MALDANER
73441,câmara,CELSO RUSSOMANNO,PRB,SP,celsorussomanno,NA,CELSO UBIRAJARA RUSSOMANNO
204496,câmara,CELSO SABINO,PSDB,PA,celso_sabino,NA,CELSO SABINO DE OLIVEIRA
204504,câmara,CEZINHA DE MADUREIRA,PSD,SP,Czmadureira,NA,ANTONIO CEZAR CORREIA FREIRE
205476,câmara,CHARLES FERNANDES,PSD,BA,CharlesGbi,NA,CHARLES FERNANDES SILVEIRA SANTANA
204490,câmara,CHARLLES EVANGELISTA,PSL,MG,charllesevg,NA,CHARLLES THOMACELLI EVANGELISTA
141439,câmara,CHICO D'ANGELO,PDT,RJ,chico_dangelo,NA,FRANCISCO JOSÉ D'ANGELO PINTO
204476,câmara,CHIQUINHO BRAZÃO,AVANTE,RJ,BrazaoChiquinho,NA,JOÃO FRANCISCO INÁCIO BRAZÃO
204462,câmara,CHRIS TONIETTO,PSL,RJ,ChrisTonietto17,NA,CHRISTINE NOGUEIRA DOS REIS TONIETTO
178928,câmara,CHRISTIANE DE SOUZA YARED,PR,PR,christianeyared,NA,CHRISTIANE DE SOUZA YARED
204440,câmara,CHRISTINO AUREO,PP,RJ,christinoaureo,NA,CHRISTINO AUREO DA SILVA
178939,câmara,CLARISSA GAROTINHO,PROS,RJ,dep_clarissa,NA,CLARISSA BARROS ASSED MATHEUS DE OLIVEIRA
74537,câmara,CLAUDIO CAJADO,PP,BA,claudio_cajado,deputadocajado,CLÁUDIO CAJADO SAMPAIO
141408,câmara,CLEBER VERDE,PRB,MA,CleberVerde10 ‏,CleberVerde10,CLEBER VERDE CORDEIRO MENDES
141408,câmara,CLEBER VERDE,PRB,MA,CleberVerde10 ‏,CleberVerde10,CLEBER VERDE CORDEIRO MENDES
204376,câmara,CORONEL ARMANDO,PSL,SC,NA,NA,LUIZ ARMANDO SCHROEDER REIS
204378,câmara,CORONEL CHRISÓSTOMO,PSL,RO,NA,NA,JOAO CHRISÓSTOMO DE MOURA
204514,câmara,CORONEL TADEU,PSL,SP,CoronelTadeu,NA,MARCIO TADEU ANHAIA DE LEMOS
178963,câmara,COVATTI FILHO,PP,RS,CovattiFilho,NA,LUIS ANTONIO FRANCISCATTO COVATTI
135054,câmara,CRISTIANO VALE,PR,PA,NA,NA,CRISTIANO DUTRA VALE
204355,câmara,DA VITORIA,PPS,ES,josiasdavitoria,NA,JOSIAS MARIO DA VITORIA
141411,câmara,DAGOBERTO NOGUEIRA,PDT,MS,dagobertopdt,NA,DAGOBERTO NOGUEIRA FILHO
74467,câmara,DAMIÃO FELICIANO,PDT,PB,drdamiao,DrDamiaoOFICIAL,DAMIÃO FELICIANO DA SILVA
74060,câmara,DANIEL ALMEIDA,PCdoB,BA,Daniel_PCdoB‏,Daniel_PCdoB,DANIEL GOMES DE ALMEIDA
178916,câmara,DANIEL COELHO,PPS,PE,DanielCoelho23 ‏,DanielCoelho23,DANIEL PIRES COELHO
178916,câmara,DANIEL COELHO,PPS,PE,DanielCoelho23 ‏,DanielCoelho23,DANIEL PIRES COELHO
204367,câmara,DANIEL FREITAS,PSL,SC,NA,NA,DANIEL COSTA DE FREITAS
204454,câmara,DANIEL SILVEIRA,PSL,RJ,DanielPMERJ,NA,DANIEL LUCIO DA SILVEIRA
204409,câmara,DANIEL TRZECIAK,PSDB,RS,TrzeciakDaniel,NA,DANIEL TRZECIAK DUARTE
204459,câmara,DANIELA DO WAGUINHO,MDB,RJ,DanielaWaguinho,NA,DANIELA MOTE DE SOUZA CARNEIRO
160528,câmara,DANILO CABRAL,PSB,PE,danilo4010 ‏,danilocabral__,DANILO JORGE DE BARROS CABRAL
160528,câmara,DANILO CABRAL,PSB,PE,danilo4010 ‏,danilocabral__,DANILO JORGE DE BARROS CABRAL
160552,câmara,DANRLEI DE DEUS HINTERHOLZ,PSD,RS,DanrleiFederal,NA,DANRLEI DE DEUS HINTERHOLZ
116379,câmara,DARCI DE MATOS,PSD,SC,depdarcidematos,NA,DARCI DE MATOS
73891,câmara,DARCÍSIO PERONDI,MDB,RS,darcisioperondi,NA,DARCÍSIO PAULO PERONDI
205548,câmara,DAVID MIRANDA,PSOL,RJ,davidmirandario,NA,DAVID MICHAEL DOS SANTOS MIRANDA
204511,câmara,DAVID SOARES,DEM,SP,DavidLouve,NA,DAVID BEZERRA RIBEIRO SOARES
204451,câmara,DELEGADO ANTÔNIO FURTADO,PSL,RJ,delegadofurtado,NA,ANTÔNIO DA LUZ FURTADO
178908,câmara,DELEGADO ÉDER MAURO,PSD,PA,EderMauroPA,NA,EDER MAURO CARDOSO BARRA
204512,câmara,DELEGADO MARCELO FREITAS,PSL,MG,NA,NA,MARCELO EDUARDO FREITAS
204569,câmara,DELEGADO PABLO,PSL,AM,DelegadoPablo_,NA,PABLO OLIVA SOUZA
164359,câmara,DELEGADO WALDIR,PSL,GO,delegado_waldir,NA,WALDIR SOARES DE OLIVEIRA
204542,câmara,DENIS BEZERRA,PSB,CE,denisbezerra,NA,DENIS ANDERSON DA ROCHA BEZERRA
160588,câmara,DIEGO ANDRADE,PSD,MG,diegoandrade_mg,NA,DIEGO LEONARDO DE ANDRADE CARVALHO
178929,câmara,DIEGO GARCIA,PODE,PR,diegogarciapr,NA,DIEGO ALEXSANDER GONCALO PAULA GARCIA
160599,câmara,DIMAS FABIANO,PP,MG,depdimasfabiano,NA,DIMAS FABIANO TOLEDO JÚNIOR
143632,câmara,DOMINGOS NETO,PSD,CE,Domingos_Neto,NA,DOMINGOS GOMES DE AGUIAR NETO
160758,câmara,DOMINGOS SÁVIO,PSDB,MG,DomingosSavioMG,NA,DOMINGOS SÁVIO CAMPOS RESENDE
204518,câmara,DR. FREDERICO,PATRI,MG,DrFredericoMG,NA,FREDERICO DE CASTRO ESCALEIRA
204481,câmara,DR. JAZIEL,PR,CE,NA,NA,JAZIEL PEREIRA DE SOUSA
204439,câmara,DR. LEONARDO,SOLIDARIEDADE,MT,DrLeonardomt,NA,LEONARDO RIBEIRO ALBUQUERQUE
204450,câmara,DR. LUIZ ANTONIO TEIXEIRA JR.,PP,RJ,drluizantoniojr,NA,LUIZ ANTONIO DE SOUZA TEIXEIRA JÚNIOR
204351,câmara,DR. LUIZ OVANDO,PSL,MS,NA,NA,LUIZ ALBERTO OVANDO
204412,câmara,DR. ZACHARIAS CALIL,DEM,GO,NA,NA,ZACARIAS CALIL HAMU
81297,câmara,DRA. SORAYA MANATO,PSL,ES,DraManato,NA,SORAYA DE SOUZA MANNATO
204434,câmara,DRA. VANDA MILANI,SOLIDARIEDADE,AC,Vandamilani,NA,VANDA DENIR MILANI NOGUEIRA
178994,câmara,DULCE MIRANDA,MDB,TO,dulcemiranda_to,NA,DULCE FERREIRA PAGANI MIRANDA
204562,câmara,EDILÁZIO JÚNIOR,PSD,MA,DepEdilazioJr,NA,EDILAZIO GOMES DA SILVA JUNIOR
141417,câmara,EDIO LOPES,PR,RR,ediolopes,NA,ÉDIO VIEIRA LOPES
134812,câmara,EDMILSON RODRIGUES,PSOL,PA,EdmilsonPSOL,NA,EDMILSON BRITO RODRIGUES
204421,câmara,EDNA HENRIQUE,PSDB,PB,NA,NA,EDNACE ALVES SILVESTRE HENRIQUE
74655,câmara,EDUARDO BARBOSA,PSDB,MG,eduardobarbosa_,NA,EDUARDO LUIZ BARROS BARBOSA
204541,câmara,EDUARDO BISMARCK,PDT,CE,eduardobismarck,NA,EDUARDO HENRIQUE MAIA BISMARCK
92346,câmara,EDUARDO BOLSONARO,PSL,SP,bolsonarosp,NA,EDUARDO NANTES BOLSONARO
204552,câmara,EDUARDO BRAIDE,PMN,MA,SouEduardo33,NA,EDUARDO SALIM BRAIDE
204500,câmara,EDUARDO COSTA,PTB,PA,dep_eduardo,NA,JOSE EDUARDO PEREIRA DA COSTA
178977,câmara,EDUARDO CURY,PSDB,SP,eduardo_cury,NA,EDUARDO PEDROSA CURY
141421,câmara,EDUARDO DA FONTE,PP,PE,eduardodafonte,NA,EDUARDO HENRIQUE DA FONTE DE ALBUQUERQUE SILVA
141422,câmara,EFRAIM FILHO,DEM,PB,efraimfilho,NA,EFRAIM DE ARAÚJO MORAIS FILHO
74075,câmara,ELCIONE BARBALHO,MDB,PA,elcionepmdb,NA,ELCIONE THEREZINHA ZAHLUTH BARBALHO
204364,câmara,ELI BORGES,SOLIDARIEDADE,TO,elidiasborges,NA,ELI DIAS BORGES
160532,câmara,ELI CORRÊA FILHO,DEM,SP,NA,NA,ADRIANO ELI CORRÊA
204389,câmara,ELIAS VAZ,PSB,GO,EliasVazGyn,NA,ELIAS VAZ DE ANDRADE
178854,câmara,ELMAR NASCIMENTO,DEM,BA,ElmarNascimento,DepElmar,ELMAR JOSE VIEIRA NASCIMENTO
198783,câmara,EMANUEL PINHEIRO NETO,PTB,MT,emanuelzinhomt,NA,EMANUEL PINHEIRO DA SILVA PRIMO
161550,câmara,EMIDINHO MADEIRA,PSB,MG,emidinhomadeira,NA,EMIDIO ALVES MADEIRA JUNIOR
207309,câmara,ENÉIAS REIS,PSL,MG,DepEneiasReis,NA,ENEIAS JOSÉ DOS REIS
132504,câmara,ENIO VERRI,PT,PR,enioverri,NA,ENIO JOSÉ VERRI
204537,câmara,ENRICO MISASI,PV,SP,enricomisasi,NA,ENRICO VAN BLARCUM DE GRAAFF MISASI
160575,câmara,ERIKA KOKAY,PT,DF,erikakokay,NA,ÉRIKA JUCÁ KOKAY
160640,câmara,EROS BIONDINI,PROS,MG,erosbiondini,NA,EROS FERREIRA BIONDINI
204482,câmara,EUCLYDES PETTERSEN,PSC,MG,EuclydesPetter,NA,EUCLYDES MARCOS PETTERSEN NETO
178871,câmara,EVAIR VIEIRA DE MELO,PP,ES,EvairdeMelo,NA,EVAIR VIEIRA DE MELO
178930,câmara,EVANDRO ROMAN,PSD,PR,roman_evandro,NA,EVANDRO ROGERIO ROMAN
178953,câmara,EXPEDITO NETTO,PSD,RO,netto_expedito,NA,EXPEDITO GONCALVES FERREIRA NETTO
141428,câmara,FÁBIO FARIA,PSD,RN,fabiofaria33,fabiofaria5555,FÁBIO SALUSTINO MESQUITA DE FARIA
68720,câmara,FÁBIO HENRIQUE,PDT,SE,FabioHenriqueSE,NA,FABIO HENRIQUE SANTANA DE CARVALHO
178969,câmara,FÁBIO MITIDIERI,PSD,SE,depfmitidieri,NA,FABIO CRUZ MITIDIERI
141427,câmara,FÁBIO RAMALHO,MDB,MG,_FabinhoRamalho,NA,FÁBIO AUGUSTO RAMALHO DOS SANTOS
171623,câmara,FABIO REIS,MDB,SE,fabioreis1515,NA,FABIO DE ALMEIDA REIS
204368,câmara,FABIO SCHIOCHET,PSL,SC,deputadofabiosc,NA,FÁBIO LUIZ SCHIOCHET FILHO
160587,câmara,FÁBIO TRAD,PSD,MS,f_trad,NA,FÁBIO RICARDO TRAD
66828,câmara,FAUSTO PINATO,PP,SP,faustopinato,Fausto_Pinato,FAUSTO RUY PINATO
204477,câmara,FELÍCIO LATERÇA,PSL,RJ,NA,NA,FELÍCIO LATERÇA DE ALMEIDA
72442,câmara,FELIPE CARRERAS,PSB,PE,felipecarreras,NA,FELIPE AUGUSTO LYRA CARRERAS
204398,câmara,FELIPE FRANCISCHINI,PSL,PR,FFrancischini_,NA,LUIS FELIPE BONATTO FRANCISCHINI
204371,câmara,FELIPE RIGONI,PSB,ES,rigoni_felipe,NA,FELIPE RIGONI LOPES
160666,câmara,FÉLIX MENDONÇA JÚNIOR,PDT,BA,felixMendoncaJr,FelixMendoncaJr,FELIX DE ALMEIDA MENDONÇA JÚNIOR
204407,câmara,FERNANDA MELCHIONNA,PSOL,RS,fernandapsol,NA,FERNANDA MELCHIONNA E SILVA
141431,câmara,FERNANDO COELHO FILHO,DEM,PE,FBCFilho,NA,FERNANDO BEZERRA DE SOUZA COELHO FILHO
204445,câmara,FERNANDO MINEIRO,PT,RN,mineiroptrn,NA,FERNANDO WANDERLEY VARGAS DA SILVA
92699,câmara,FERNANDO MONTEIRO,PP,PE,fmonteirope,NA,FERNANDO MONTEIRO DE ALBUQUERQUE
204427,câmara,FERNANDO RODOLFO,PR,PE,fernandorodolfo,NA,FERNANDO RODOLFO TENORIO DE VASCONCELOS
204411,câmara,FILIPE BARROS,PSL,PR,filipebarrost,NA,FILIPE BARROS BAPTISTA DE TOLEDO RIBEIRO
204354,câmara,FLÁVIA ARRUDA,PR,DF,flaviaarrudadf,NA,FLÁVIA CAROLINA PÉRES
160598,câmara,FLÁVIA MORAIS,PDT,GO,depflaviamorais,NA,FLÁVIA CARREIRO ALBUQUERQUE MORAIS
141434,câmara,FLAVIANO MELO,MDB,AC,flaviano_melo,NA,FLAVIANO FLÁVIO BAPTISTA DE MELO
191923,câmara,FLAVIO NOGUEIRA,PDT,PI,flavionoguera,NA,FLÁVIO RODRIGUES NOGUEIRA
204447,câmara,FLORDELIS,PSD,RJ,Flordelismk,NA,FLORDELIS DOS SANTOS DE SOUZA
204392,câmara,FRANCISCO JR.,PSD,GO,franciscojr_go,NA,FRANCISCO RODRIGUES VALE JUNIOR
204510,câmara,FRANCO CARTAFINA,PHS,MG,FrancoCartafina,NA,FRANCO CARTAFINA GOMES
204494,câmara,FRED COSTA,PATRI,MG,fredcosta5133,NA,FREDERICO BORGES DA COSTA
204393,câmara,FREI ANASTACIO RIBEIRO,PT,PB,freianastacioal,NA,ANTONIO RIBEIRO
115746,câmara,GELSON AZEVEDO,PR,RJ,NA,NA,GELSON DE AZEVEDO ALMEIDA
160669,câmara,GENECIAS NORONHA,SOLIDARIEDADE,CE,depgenecias,NA,GENECIAS MATEUS NORONHA
204473,câmara,GENERAL GIRÃO,PSL,RN,GeneralGirao,NA,ELIÉSER GIRÃO MONTEIRO FILHO
204484,câmara,GENERAL PETERNELLI,PSL,SP,GenPeternelli,NA,ROBERTO SEBASTIÃO PETERNELLI JUNIOR
204527,câmara,GENINHO ZULIANI,DEM,SP,geninhozuliani,NA,EUGENIO JOSÉ ZULIANI
178966,câmara,GEOVANIA DE SÁ,PSDB,SC,geovaniadesa,NA,GEOVANIA DE SA RODRIGUES
74374,câmara,GERALDO RESENDE,PSDB,MS,dep_geraldo,NA,GERALDO RESENDE PEREIRA
204394,câmara,GERVÁSIO MAIA,PSB,PB,gervasiomaia,NA,GERVÁSIO AGRIPINO MAIA
74383,câmara,GIACOBO,PR,PR,fernandogiacobo,NA,FERNANDO LÚCIO GIACOBO
204575,câmara,GIL CUTRIM,PDT,MA,gilcutrim,NA,GILLIANO FRED NASCIMENTO CUTRIM
204491,câmara,GILBERTO ABRAMO,PRB,MG,gilbertoabramo,NA,GILBERTO APARECIDO ABRAMO
74270,câmara,GILBERTO NASCIMENTO,PSC,SP,gilbertopsc20,NA,GILBERTO NASCIMENTO SILVA
204365,câmara,GILSON MARQUES,NOVO,SC,gilsonmarques30,NA,GILSON MARQUES VIEIRA
160673,câmara,GIOVANI CHERINI,PR,RS,giovanicherini,NA,GIOVANI CHERINI
178996,câmara,GIOVANI FELTES,MDB,RS,GiovaniFeltes,NA,GIOVANI BATISTA FELTES
152605,câmara,GLAUBER BRAGA,PSOL,RJ,Glauber_Braga,NA,GLAUBER DE MEDEIROS BRAGA
204419,câmara,GLAUSTIN FOKUS,PSC,GO,glaustinfokus,NA,GLAUSKSTON BATISTA RIOS
107283,câmara,GLEISI HOFFMANN,PT,PR,gleisi,NA,GLEISI HELENA HOFFMANN
74419,câmara,GONZAGA PATRIOTA,PSB,PE,NA,NA,LUIZ GONZAGA PATRIOTA
198197,câmara,GREYCE ELIAS,AVANTE,MG,NA,NA,GREYCE DE QUEIROZ ELIAS
204513,câmara,GUIGA PEIXOTO,PSL,SP,zeguilherme_10,NA,JOSÉ GUILHERME NEGRÃO PEIXOTO
204531,câmara,GUILHERME DERRITE,PP,SP,capitaoderrite,NA,GUILHERME MURARO DERRITE
160667,câmara,GUILHERME MUSSI,PP,SP,guilhermemussi,NA,GUILHERME MUSSI FERREIRA
204442,câmara,GURGEL,PSL,RJ,gurgelsoares,NA,JOÃO CARLOS SOARES GURGEL
73460,câmara,GUSTAVO FRUET,PDT,PR,gustavofruet,NA,GUSTAVO BONATO FRUET
204408,câmara,GUSTINHO RIBEIRO,SOLIDARIEDADE,SE,GustinhoRibeiro,NA,LUIZ AUGUSTO CARVALHO RIBEIRO FILHO
204456,câmara,GUTEMBERG REIS,MDB,RJ,guth_reis,NA,GUTEMBERG REIS DE OLIVEIRA
204465,câmara,HAROLDO CATHEDRAL,PSD,RR,NA,NA,HAROLDO ALVES CAMPOS
204548,câmara,HEITOR FREIRE,PSL,CE,HeitorFreireCE,NA,HEITOR RODRIGO PEREIRA FREIRE
178964,câmara,HEITOR SCHUCH,PSB,RS,HeitorSchuch,NA,HEITOR JOSE SCHUCH
178873,câmara,HELDER SALOMÃO,PT,ES,heldersalomao,NA,HELDER IGNACIO SALOMAO
204373,câmara,HÉLIO COSTA,PRB,SC,HelioCosta,NA,HÉLIO FRANCISCO DA COSTA
178909,câmara,HÉLIO LEITE,DEM,PA,NA,NA,HELIO LEITE DA SILVA
204444,câmara,HELIO LOPES,PSL,RJ,depheliolopes,NA,HELIO FERNANDO BARBOSA LOPES
73482,câmara,HENRIQUE FONTANA,PT,RS,henriquefontana,NA,HENRIQUE FONTANA JÚNIOR
204539,câmara,HERCÍLIO COELHO DINIZ,MDB,MG,NA,NA,HERCÍLIO ARAÚJO DINIZ FILHO
178981,câmara,HERCULANO PASSOS,MDB,SP,herculanopassos,NA,HERCULANO CASTILHO PASSOS JUNIOR
73772,câmara,HERMES PARCIANELLO,MDB,PR,parcianello,NA,HERMES PARCIANELLO
178884,câmara,HILDO ROCHA,MDB,MA,hildorocha1513,NA,HILDO AUGUSTO DA ROCHA NETO
178959,câmara,HIRAN GONÇALVES,PP,RR,deputadohiran,NA,HIRAN MANUEL GONCALVES DA SILVA
141450,câmara,HUGO LEAL,PSD,RJ,dephugoleal,NA,HUGO LEAL MELO DA SILVA
160674,câmara,HUGO MOTTA,PRB,PB,hugomottapb,NA,HUGO MOTTA WANDERLEY DA NÓBREGA
204533,câmara,IDILVAN ALENCAR,PDT,CE,idilvan,NA,ANTONIO IDILVAN DE LIMA ALENCAR
204564,câmara,IGOR KANNÁRIO,PHS,BA,NA,NA,ANDERSON MACHADO DE JESUS
204508,câmara,IGOR TIMO,PODE,MG,oficialigortimo,NA,IGOR TARCIANO TIMO
67138,câmara,IRACEMA PORTELLA,PP,PI,iracemaportela,NA,IRACEMA MARIA PORTELLA NUNES NOGUEIRA LIMA
204436,câmara,ISNALDO BULHÕES JR.,MDB,AL,bulhoesjr,NA,ISNALDO BULHOES BARROS JUNIOR
73531,câmara,IVAN VALENTE,PSOL,SP,ivanvalente,NA,IVAN VALENTE
74848,câmara,JANDIRA FEGHALI,PCdoB,RJ,jandira_feghali,NA,JANDIRA FEGHALI
108338,câmara,JAQUELINE CASSOL,PP,RO,jqcassol,NA,DIRLAINE JAQUELINE CASSOL
160672,câmara,JEAN WYLLYS,PSOL,RJ,jeanwyllys_real,NA,JEAN WYLLYS DE MATOS SANTOS
74273,câmara,JEFFERSON CAMPOS,PSB,SP,DepJefferson,NA,JEFFERSON ALVES DE CAMPOS
160570,câmara,JERÔNIMO GOERGEN,PP,RS,jeronimogoergen,NA,JERÔNIMO PIZZOLOTTO GOERGEN
178839,câmara,JÉSSICA SALES,MDB,AC,NA,NA,JESSICA ROJAS SALES
204435,câmara,JESUS SÉRGIO,PDT,AC,jesussergioac,NA,JESUS SERGIO DE MENEZES
178842,câmara,JHC,PSB,AL,JHC_40,NA,JOAO HENRIQUE HOLANDA  CALDAS
160531,câmara,JHONATAN DE JESUS,PRB,RR,jhonatan_djesus,NA,JOHNATHAN PEREIRA DE JESUS
74366,câmara,JOÃO CAMPOS,PRB,GO,depjoaocampos,joaocamposdep,JOÃO CAMPOS DE ARAÚJO
141458,câmara,JOÃO CARLOS BACELAR,PR,BA,deputadobacelar,NA,JOÃO CARLOS PAOLILO BACELAR FILHO
178970,câmara,JOÃO DANIEL,PT,SE,joaodanielPT,NA,JOAO SOMARIVA DANIEL
204429,câmara,JOÃO H. CAMPOS,PSB,PE,NA,NA,JOÃO HENRIQUE DE ANDRADE LIMA CAMPOS
141459,câmara,JOÃO MAIA,PR,RN,depjoaomaia,NA,JOÃO DA SILVA MAIA
112437,câmara,JOÃO MARCELO SOUZA,MDB,MA,NA,NA,JOÃO MARCELO SANTOS SOUZA
204576,câmara,JOÃO ROMA,PRB,BA,joaoromaneto,NA,JOÃO INÁCIO RIBEIRO ROMA NETO
178910,câmara,JOAQUIM PASSARINHO,PSD,PA,joaquimpassarin,passarinho5555,JOAQUIM PASSARINHO PINTO DE SOUZA PORTO
204468,câmara,JOENIA WAPICHANA,REDE,RR,joeniac,NA,JOENIA BATISTA DE CARVALHO
204546,câmara,JOICE HASSELMANN,PSL,SP,joicehasselmann,NA,JOICE CRISTINA HASSELMANN
205550,câmara,JORGE BRAZ,PRB,RJ,Jorge_Braz,NA,JORGE BRAZ DE OLIVEIRA
178857,câmara,JORGE SOLLA,PT,BA,depjorgesolla,NA,JORGE JOSE SANTOS PEREIRA SOLLA
141464,câmara,JOSÉ AIRTON FÉLIX CIRILO,PT,CE,JoseAirtonPT,NA,JOSÉ AIRTON FÉLIX CIRILO DA SILVA
141470,câmara,JOSÉ GUIMARÃES,PT,CE,guimaraes13PT,Dep_Guimaraes,JOSÉ NOBRE GUIMARÃES
204386,câmara,JOSE MARIO SCHREINER,DEM,GO,SchreinerJose,NA,JOSE MARIO SCHREINER
204472,câmara,JOSÉ MEDEIROS,PODE,MT,JoseMedeirosMT,NA,JOSE ANTONIO DOS SANTOS MEDEIROS
204391,câmara,JOSÉ NELTO,PODE,GO,depjosenelto,NA,JOSÉ NELTO LAGARES DAS MERCEZ
160619,câmara,JOSÉ NUNES,PSD,BA,JoseNunesDep,NA,JOSÉ NUNES SOARES
74079,câmara,JOSÉ PRIANTE,MDB,PA,priante,NA,JOSÉ BENITO PRIANTE JÚNIOR
204555,câmara,JOSÉ RICARDO,PT,AM,ZeRicardoAM,NA,JOSÉ RICARDO WENDLING
74554,câmara,JOSÉ ROCHA,PR,BA,joserocha_,NA,JOSÉ ALVES ROCHA
74141,câmara,JOSIAS GOMES,PT,BA,josiasgomesba,NA,JOSIAS GOMES DA SILVA
204563,câmara,JOSIMAR MARANHÃOZINHO,PR,MA,josimarPR22,NA,JOSIMAR CUNHA RODRIGUES
204474,câmara,JUAREZ COSTA,MDB,MT,NA,NA,JUAREZ ALVES DA COSTA
204420,câmara,JULIAN LEMOS,PSL,PB,JulianLemosopb1,NA,GULLIEM CHARLES BEZERRA LEMOS
74317,câmara,JÚLIO CESAR,PSD,PI,DepJulioCesarPI,NA,JÚLIO CÉSAR DE CARVALHO LIMA
204372,câmara,JULIO CESAR RIBEIRO,PRB,DF,JulioCesarRib,NA,JULIO CESAR RIBEIRO
73586,câmara,JÚLIO DELGADO,PSB,MG,depjuliodelgado,NA,JÚLIO CÉSAR DELGADO
204457,câmara,JUNINHO DO PNEU,DEM,RJ,JuninhodoPneu,NA,ROGERIO TEIXEIRA JUNIOR
204502,câmara,JÚNIOR BOZZELLA,PSL,SP,juniorbozzella,NA,NICOLINO BOZZELLA JUNIOR
204497,câmara,JÚNIOR FERRARI,PSD,PA,NA,NA,JOÃO FERRARI JÚNIOR
204574,câmara,JUNIOR LOURENÇO,PR,MA,junior_lourenco,NA,JOSE LOURENÇO BONFIM JUNIOR
204550,câmara,JÚNIOR MANO,PR,CE,jrmano_,NA,ANTÔNIO LUIZ RODRIGUES MANO JÚNIOR
178886,câmara,JUSCELINO FILHO,DEM,MA,DepJuscelino,NA,JOSE JUSCELINO DOS SANTOS REZENDE FILHO
204536,câmara,KIM KATAGUIRI,DEM,SP,kimpkat,NA,KIM PATROCA KATAGUIRI
151208,câmara,LAERCIO OLIVEIRA,PP,SE,laerciofederal,NA,LAERCIO JOSÉ DE OLIVEIRA
98057,câmara,LAFAYETTE DE ANDRADA,PRB,MG,dep_lafayette,NA,LAFAYETTE LUIZ DOORGAL DE ANDRADA
160534,câmara,LAURIETE,PR,ES,2010lauriete,laurietecantora,LAURIETE RODRIGUES DE JESUS MALTA
178832,câmara,LEANDRE,PV,PR,Leandre4300,NA,LEANDRE DAL PONTE
204375,câmara,LEDA SADALA,AVANTE,AP,LedaSadala,NA,LEDA MARIA SADALA BRITO
204359,câmara,LÉO MORAES,PODE,RO,dep_leomoraes,NA,LEONARDO BARRETO DE MORAES
204547,câmara,LÉO MOTTA,PSL,MG,NA,NA,ELIEL MÁRCIO DO CARMO
74156,câmara,LEONARDO MONTEIRO,PT,MG,depleomonteiro,NA,JOSÉ LEONARDO COSTA MONTEIRO
74299,câmara,LEÔNIDAS CRISTINO,PDT,CE,leonidas9099,joseleonidas,JOSÉ LEÔNIDAS DE MENEZES CRISTINO
92102,câmara,LEUR LOMANTO JÚNIOR,DEM,BA,LeurLomantoJr,NA,LEUR ANTONIO DE BRITTO LOMANTO JUNIOR
139285,câmara,LÍDICE DA MATA,PSB,BA,lidicedamata,NA,LÍDICE DA MATA E SOUZA
74585,câmara,LINCOLN PORTELA,PR,MG,lincoln_portela,NA,LINCOLN DINIZ PORTELA
204405,câmara,LIZIANE BAYER,PSB,RS,LizianeBayer,NA,LIZIANE BAYER DA COSTA
204382,câmara,LOESTER TRUTIS,PSL,MS,LTrutis,NA,LOESTER CARLOS GOMES DE SOUZA
196358,câmara,LOURIVAL GOMES,PSL,RJ,lourivalgomesrj,NA,LOURIVAL GOMES DE ALMEIDA
204523,câmara,LUCAS GONZALEZ,NOVO,MG,lucasvgonzalez,NA,LUCAS DE VASCONCELOS GONZALEZ
204404,câmara,LUCAS REDECKER,PSDB,RS,LucasRedecker,NA,LUCAS BELLO REDECKER
178879,câmara,LUCAS VERGILIO,SOLIDARIEDADE,GO,VergilioLucas77,NA,LUCAS DE CASTRO SANTOS
74478,câmara,LUCIANO BIVAR,PSL,PE,Bivar1717,NA,LUCIANO CALDAS BIVAR
178931,câmara,LUCIANO DUCCI,PSB,PR,LucianoDucci,NA,LUCIANO DUCCI
178954,câmara,LUCIO MOSQUINI,MDB,RO,luciomosquini,NA,LUCIO ANTONIO MOSQUINI
204381,câmara,LUIS MIRANDA,DEM,DF,LuisMirandaUSA1,NA,LUIS CLAUDIO FERNANDES MIRANDA
160510,câmara,LUIS TIBÉ,AVANTE,MG,LuisTibeOficial,NA,LUIS HENRIQUE DE OLIVEIRA RESENDE
204410,câmara,LUISA CANZIANI,PTB,PR,luisa_canziani,NA,LUISA CANZIANI DOS SANTOS SILVEIRA
204448,câmara,LUIZ ANTÔNIO CORRÊA,DC,RJ,depluizantonio,NA,LUIZ ANTONIO DA COSTA CARVALHO CORREA DA SILVA
160645,câmara,LUIZ CARLOS,PSDB,AP,depluizcarlos,NA,LUIZ CARLOS GOMES DOS SANTOS JUNIOR
204485,câmara,LUIZ CARLOS MOTTA,PR,SP,lcm_motta,NA,LUIZ CARLOS MOTTA
204543,câmara,LUIZ FLÁVIO GOMES,PSB,SP,professorLFG,NA,LUIZ FLAVIO GOMES
204455,câmara,LUIZ LIMA,PSL,RJ,Oficialluizlima,NA,LUIZ EDUARDO CARNEIRO DA SILVA DE SOUZA LIMA
162332,câmara,LUIZ NISHIMORI,PR,PR,luiznishimori,NA,LUIZ HILOSHI NISHIMORI
204526,câmara,LUIZ PHILIPPE DE ORLEANS E BRAGANÇA,PSL,SP,lpbragancabr,NA,LUIZ PHILIPPE DE ORLEANS BRAGANÇA
74784,câmara,LUIZA ERUNDINA,PSOL,SP,luizaerundina,NA,LUIZA ERUNDINA DE SOUSA
178866,câmara,LUIZIANNE LINS,PT,CE,Luizianne13PT,NA,LUIZIANNE DE OLIVEIRA LINS
166402,câmara,MAGDA MOFATTO,PR,GO,Magdamofatto,NA,MAGDA MOFATTO HON
204458,câmara,MAJOR FABIANA,PSL,RJ,majorfabiana46,NA,FABIANA SILVA DE SOUZA
179587,câmara,MAJOR VITOR HUGO,PSL,GO,MajorVitorHugo,NA,VITOR HUGO DE ARAUJO ALMEIDA
204469,câmara,MANUEL MARCOS,PRB,AC,ascomdrmanuel,NA,MANUEL MARCOS CARVALHO DE MESQUITA
204471,câmara,MARA ROCHA,PSDB,AC,NA,NA,CYLMARA FERNANDES DA ROCHA GRIPP
156190,câmara,MARCEL VAN HATTEM,NOVO,RS,marcelvanhattem,NA,MARCEL VAN HATTEM
179000,câmara,MARCELO ÁLVARO ANTÔNIO,PSL,MG,Marceloalvaroan,NA,MARCELO HENRIQUE TEIXEIRA DIAS
146788,câmara,MARCELO ARO,PHS,MG,marceloaro,NA,MARCELO GUILHERME DE ARO FERREIRA
205863,câmara,MARCELO BRUM,PSL,RS,NA,NA,MARCELO DE BRUM DA COSTA
204433,câmara,MARCELO CALERO,PPS,RJ,caleromarcelo,NA,MARCELO CALERO FARIA GARCIA
76874,câmara,MARCELO FREIXO,PSOL,RJ,MarceloFreixo,NA,MARCELO RIBEIRO FREIXO
133810,câmara,MARCELO MORAES,PTB,RS,NA,NA,MARCELO PIRES MORAES
204558,câmara,MARCELO NILO,PSB,BA,depmarcelonilo,NA,JOSÉ MARCELO DO NASCIMENTO NILO
204556,câmara,MARCELO RAMOS,PR,AM,marceloramosam,NA,MARCELO RAMOS RODRIGUES
178983,câmara,MARCIO ALVINO,PR,SP,AlvinoMarcio,NA,MARCIO LUIZ ALVINO DE SOUZA
179001,câmara,MÁRCIO BIOLCHI,MDB,RS,marciobiolchi,NA,MARCIO DELLA VALLE BIOLCHI
81055,câmara,MÁRCIO JERRY,PCdoB,MA,marciojerry,NA,MÁRCIO JERRY SARAIVA BARROSO
204452,câmara,MÁRCIO LABRE,PSL,RJ,marciolabre,NA,MÁRCIO DA SILVEIRA LABRE
150418,câmara,MÁRCIO MARINHO,PRB,BA,dpmarciomarinho,NA,MÁRCIO CARLOS MARINHO
204522,câmara,MARCO BERTAIOLLI,PSD,SP,MarcoBertaiolli,NA,MARCO AURELIO BERTAIOLLI
160535,câmara,MARCON,PT,RS,depmarcon,NA,DIONILSO MATEUS MARCON
204431,câmara,MARCOS AURÉLIO SAMPAIO,MDB,PI,MarcosA_Sampaio,NA,MARCOS AURÉLIO  PÁDUA RIBEIRO GONÇALVES DE SAMPAIO
204506,câmara,MARCOS PEREIRA,PRB,SP,marcospereira04,NA,MARCOS ANTONIO PEREIRA
204430,câmara,MARGARETE COELHO,PP,PI,MargaretCoelho,NA,MARGARETE DE CASTRO COELHO
171619,câmara,MARGARIDA SALOMÃO,PT,MG,JFMargarida,NA,MARIA MARGARIDA MARTINS SALOMÃO
74398,câmara,MARIA DO ROSÁRIO,PT,RS,mariadorosario,NA,MARIA DO ROSÁRIO NUNES
204540,câmara,MARIA ROSAS,PRB,SP,depmariarosas,NA,MARIA DO PARTO MENDES ROSAS
178956,câmara,MARIANA CARVALHO,PSDB,RO,MarianaPSDB,DeputadaMariana,MARIANA FONSECA RIBEIRO CARVALHO DE MORAES
204428,câmara,MARÍLIA ARRAES,PT,PE,MariliaArraes,NA,MARÍLIA VALENÇA ROCHA ARRAES DE ALENCAR
204432,câmara,MARINA SANTOS,SOLIDARIEDADE,PI,NA,NA,MARINA SANTOS BATISTA DIAS
74158,câmara,MÁRIO HERINGER,PDT,MG,mario_heringer,NA,MÁRIO LÚCIO HERINGER
178858,câmara,MÁRIO NEGROMONTE JR.,PP,BA,depnegromontejr,NA,MARIO SILVIO MENDES NEGROMONTE JUNIOR
204403,câmara,MARLON SANTOS,PDT,RS,deputado_marlon,NA,MARLON ARATOR SANTOS DA ROSA
204566,câmara,MARRECA FILHO,PATRI,MA,depmarrecafilho,NA,ANTONIO DA CRUZ FILGUEIRA NETO
178843,câmara,MARX BELTRÃO,PSD,AL,NA,NA,MARX BELTRÃO LIMA SIQUEIRA
75431,câmara,MAURÍCIO DZIEDRICKI,PTB,RS,mauricioptbrs,NA,MAURÍCIO ALEXANDRE DZIEDRICKI
204486,câmara,MAURO BENEVIDES FILHO,PDT,CE,deputadomaurobf,NA,CARLOS MAURO BENEVIDES FILHO
74749,câmara,MAURO LOPES,MDB,MG,depmaurolopes,NA,MAURO RIBEIRO LOPES
141508,câmara,MAURO NAZIF,PSB,RO,drmauronazif,NA,MAURO NAZIF RASUL
178985,câmara,MIGUEL LOMBARDI,PR,SP,DMiguellombardi,NA,MIGUEL LOMBARDI
154178,câmara,MILTON VIEIRA,PRB,SP,DepMiltonVieira,NA,MILTON VIEIRA PINTO
178895,câmara,MISAEL VARELLA,PSD,MG,NA,NA,MISAEL ARTUR FERREIRA VARELLA
178997,câmara,MOSES RODRIGUES,MDB,CE,depfederalmoses,NA,MOSES HAENDEL MELO RODRIGUES
204453,câmara,NATÁLIA BONAVIDES,PT,RN,natbonavides,NA,NATÁLIA BASTOS BONAVIDES
204449,câmara,NELSON BARBUDO,PSL,MT,NA,NA,NELSON NED PREVIDENTE
74571,câmara,NELSON PELLEGRINO,PT,BA,nelsonpelegrino,NA,NELSON VICENTE PORTELA PELLEGRINO
204415,câmara,NEREU CRISPIM,PSL,RS,nereucrispim,NA,NEREU CRISPIM
146307,câmara,NERI GELLER,PP,MT,NeriGeller,NA,NERI GELLER
178896,câmara,NEWTON CARDOSO JR,MDB,MG,newton1510,NA,NEWTON CARDOSO JUNIOR
204384,câmara,NEY LEPREVOST,PSD,PR,neyleprevost,NA,NEY LEPREVOST NETO
204479,câmara,NICOLETTI,PSL,RR,NA,NA,ANTONIO CARLOS NICOLETTI
74352,câmara,NILSON PINTO,PSDB,PA,DepNilsonPinto,NA,NILSON PINTO DE OLIVEIRA
178986,câmara,NILTO TATTO,PT,SP,NiltoTatto,NA,NILTO IGNACIO TATTO
194260,câmara,NIVALDO ALBUQUERQUE,PTB,AL,NivaldoAlbuque,NA,NIVALDO FERREIRA DE ALBUQUERQUE NETO
66179,câmara,NORMA AYUB,DEM,ES,NA,NA,NORMA AYUB ALVES
74159,câmara,ODAIR CUNHA,PT,MG,odaircunha_,NA,ODAIR JOSÉ DA CUNHA
204498,câmara,OLIVAL MARQUES,DEM,PA,OLIVALMARQUES,NA,OLIVAL HENRIQUE MARQUES DE SOUZA
74399,câmara,ONYX LORENZONI,DEM,RS,onyxlorenzoni,NA,ONYX DORNELLES LORENZONI
178987,câmara,ORLANDO SILVA,PCdoB,SP,orlandosilva,NA,ORLANDO SILVA DE JESUS JUNIOR
204363,câmara,OSIRES DAMASO,PSC,TO,Damaso2020,NA,OSIRES RODRIGUES DAMASO
73692,câmara,OSMAR TERRA,MDB,RS,osmarterra,OsmarTerra,OSMAR GASPARINI TERRA
204422,câmara,OSSESIO SILVA,PRB,PE,Ossesio_Silva,NA,OSSESIO JOSE DA SILVA
204475,câmara,OTACI NASCIMENTO,SOLIDARIEDADE,RR,NA,NA,JOSE OTACI BARROSO DO NASCIMENTO
204441,câmara,OTONI DE PAULA,PSC,RJ,OtoniDepFederal,NA,OTONI MOURA DE PAULO JUNIOR
204573,câmara,OTTO ALENCAR FILHO,PSD,BA,ottoalencarfilh,NA,OTTO ROBERTO MENDONÇA DE ALENCAR FILHO
160556,câmara,PADRE JOÃO,PT,MG,dep_padrejoao,NA,JOÃO CARLOS SIQUEIRA
160642,câmara,PASTOR EURICO,PATRI,PE,pastoreurico,NA,FRANCISCO EURICO DA SILVA
204570,câmara,PASTOR GILDENEMYR,PMN,MA,DGildenemyr,NA,GILDENEMIR DE LIMA SOUSA
204553,câmara,PASTOR SARGENTO ISIDÓRIO,AVANTE,BA,sgtisidorio,NA,MANOEL ISIDORIO DE SANTANA JUNIOR
205535,câmara,PATRICIA FERRAZ,PR,AP,patricialferraz,NA,PATRICIA LIMA FERRAZ
74160,câmara,PATRUS ANANIAS,PT,MG,Patrus_Ananias,NA,PATRUS ANANIAS DE SOUSA
204377,câmara,PAULA BELMONTE,PPS,DF,paulambelmonte,NA,PAULA MORENO PARO BELMONTE
171617,câmara,PAULÃO,PT,AL,paulaodopt,NA,PAULO FERNANDO DOS SANTOS
141516,câmara,PAULO ABI-ACKEL,PSDB,MG,pauloabiackel,NA,PAULO ABI-ACKEL
178860,câmara,PAULO AZI,DEM,BA,pauloazi,NA,PAULO VELLOSO DANTAS AZI
204538,câmara,PAULO BENGTSON,PTB,PA,PauloBengtson,NA,PAULO EDUARDO MAESTRI BENGTSON
193726,câmara,PAULO EDUARDO MARTINS,PSC,PR,PauloMartins10,NA,PAULO EDUARDO LIMA MARTINS
160517,câmara,PAULO FOLETTO,PSB,ES,DeputadoFoletto,NA,PAULO ROBERTO FOLETTO
160558,câmara,PAULO FREIRE COSTA,PR,SP,DF_PauloFreire,NA,PAULO ROBERTO FREIRE DA COSTA
204461,câmara,PAULO GANIME,NOVO,RJ,pauloganime,NA,PAULO GUSTAVO GANIME ALVES TEIXEIRA
204492,câmara,PAULO GUEDES,PT,MG,deppauloguedes,NA,PAULO JOSE CARLOS GUEDES
141518,câmara,PAULO PEREIRA DA SILVA,SOLIDARIEDADE,SP,dep_paulinho,NA,PAULO PEREIRA DA SILVA
74400,câmara,PAULO PIMENTA,PT,RS,deputadofederal,DeputadoFederal,PAULO ROBERTO SEVERO PIMENTA
133968,câmara,PAULO RAMOS,PDT,RJ,pauloramosdep,NA,PAULO SÉRGIO RAMOS BARBOZA
141488,câmara,PAULO TEIXEIRA,PT,SP,pauloteixeira13,NA,LUIZ PAULO TEIXEIRA FERREIRA
90201,câmara,PEDRO AUGUSTO BEZERRA,PTB,CE,NA,NA,PEDRO AUGUSTO GEROMEL BEZERRA DE MENEZES
178912,câmara,PEDRO CUNHA LIMA,PSDB,PB,pedroocl,NA,PEDRO OLIVEIRA CUNHA LIMA
122974,câmara,PEDRO LUCAS FERNANDES,PTB,MA,NA,NA,PEDRO LUCAS ANDRADE FERNANDES RIBEIRO
204395,câmara,PEDRO LUPION,DEM,PR,Dep_PedroLupion,NA,PEDRO DEBONI LUPION MELLO
122158,câmara,PEDRO PAULO,DEM,RJ,pedropaulo,NA,PEDRO PAULO CARVALHO TEIXEIRA
160604,câmara,PEDRO UCZAI,PT,SC,uczai,NA,PEDRO FRANCISCO UCZAI
204406,câmara,PEDRO WESTPHALEN,PP,RS,pedrowestphalen,NA,PEDRO BANDARRA WESTPHALEN
73943,câmara,PERPÉTUA ALMEIDA,PCdoB,AC,perpetua_acre,NA,MARIA PERPÉTUA DE ALMEIDA
204524,câmara,PINHEIRINHO,PP,MG,NA,NA,ANTÔNIO PINHEIRO NETO
204529,câmara,POLICIAL KATIA SASTRE,PR,SP,katiasastre,NA,KATIA DA SILVA SASTRE
73486,câmara,POMPEO DE MATTOS,PDT,RS,PompeodeMattos,NA,DARCI POMPEO DE MATTOS
160601,câmara,PR. MARCO FELICIANO,PODE,SP,marcofeliciano,NA,MARCO ANTÔNIO FELICIANO
204390,câmara,PROFESSOR ALCIDES,PP,GO,NA,NA,ALCIDES RIBEIRO FILHO
204383,câmara,PROFESSOR ISRAEL BATISTA,PV,DF,ProfIsrael,NA,ISRAEL MATOS BATISTA
204446,câmara,PROFESSOR JOZIEL,PSL,RJ,professorjoziel,NA,JOZIEL FERREIRA CARLOS
204418,câmara,PROFESSOR LUIZÃO GOULART,PRB,PR,luizaogoulart,NA,LUIZ GOULARTE ALVES
204565,câmara,PROFESSORA DAYANE PIMENTEL,PSL,BA,deppimentel,NA,DAYANE JAMILLE CARNEIRO DOS SANTOS PIMENTEL
160639,câmara,PROFESSORA DORINHA SEABRA REZENDE,DEM,TO,profdorinha,NA,MARIA AUXILIADORA SEABRA REZENDE
160641,câmara,PROFESSORA MARCIVANIA,PCdoB,AP,marcivania65,NA,MARCIVANIA DO SOCORRO DA ROCHA FLEXA
204467,câmara,PROFESSORA ROSA NEIDE,PT,MT,profdorinha,NA,ROSA NEIDE SANDES DE ALMEIDA
178951,câmara,RAFAEL MOTTA,PSB,RN,RafaelMottaRN,NA,RAFAEL HUETE DA MOTTA
204567,câmara,RAIMUNDO COSTA,PRP,BA,NA,NA,RAIMUNDO MAGALHÃES COSTA
141523,câmara,RAUL HENRY,MDB,PE,RaulHenry,NA,RAUL JEAN LOUIS HENRY JÚNIOR
74161,câmara,REGINALDO LOPES,PT,MG,ReginaldoLopes,NA,REGINALDO LÁZARO DE OLIVEIRA LOPES
205865,câmara,REINHOLD STEPHANES JUNIOR,PSD,PR,NA,NA,REINHOLD STEPHANES JUNIOR
178925,câmara,REJANE DIAS,PT,PI,rejane_dias,NA,REJANE RIBEIRO SOUSA DIAS
178989,câmara,RENATA ABREU,PODE,SP,RenataAbreuDep,NA,RENATA HELLMEISTER DE ABREU
73801,câmara,RENILDO CALHEIROS,PCdoB,PE,renildo,NA,RENILDO VASCONCELOS CALHEIROS
73788,câmara,RICARDO BARROS,PP,PR,RicardoBarrosPP,NA,RICARDO JOSÉ MAGALHÃES BARROS
204362,câmara,RICARDO GUIDI,PSD,SC,ricardozguidi,NA,RICARDO ZANATTA GUIDI
160655,câmara,RICARDO IZAR,PP,SP,RicardoIzar,NA,RICARDO IZAR JUNIOR
178920,câmara,RICARDO TEOBALDO,PODE,PE,psdbricardo45,NA,RICARDO TEOBALDO CAVALCANTI
204489,câmara,ROBÉRIO MONTEIRO,PDT,CE,NA,NA,MARCOS ROBERIO RIBEIRO MONTEIRO
152610,câmara,ROBERTO ALVES,PRB,SP,RobertoAlvesPRB,NA,BENEDITO ROBERTO ALVES FERREIRA
160653,câmara,ROBERTO DE LUCENA,PODE,SP,robertodelucena,NA,ROBERTO ALVES DE LUCENA
74305,câmara,ROBERTO PESSOA,PSDB,CE,RobertoPessoaCE,NA,ROBERTO SOARES PESSOA
204530,câmara,RODRIGO AGOSTINHO,PSB,SP,rodrigoagost,NA,RODRIGO ANTONIO DE AGOSTINHO MENDONÇA
204366,câmara,RODRIGO COELHO,PSB,SC,coelho_rodrigo,NA,RODRIGO COELHO
141531,câmara,RODRIGO DE CASTRO,PSDB,MG,RodrigoCastro45,NA,RODRIGO BATISTA DE CASTRO
74693,câmara,RODRIGO MAIA,DEM,RJ,DepRodrigomaia,RodrigoMaia,RODRIGO FELINTO IBARRA EPITÁCIO MAIA
204480,câmara,ROGÉRIO CORREIA,PT,MG,RogerioCorreia_,NA,ROGÉRIO CORREIA DE MOURA BAPTISTA
160651,câmara,ROGÉRIO PENINHA MENDONÇA,MDB,SC,deputadopeninha,NA,ROGÉRIO MENDONÇA
178861,câmara,RONALDO CARLETTO,PP,BA,ronaldocarletto,NA,RONALDO CARLETTO
204525,câmara,ROSANA VALLE,PSB,SP,RosanaValle40,NA,ROSANA DE OLIVEIRA VALLE
178945,câmara,ROSANGELA GOMES,PRB,RJ,rosangelasgomes,NA,ROSANGELA DE SOUZA GOMES
204357,câmara,ROSE MODESTO,PSDB,MS,rosemodestoms,NA,ROSIANE MODESTO  DE OLIVEIRA
73466,câmara,RUBENS BUENO,PPS,PR,rubensbuenopps,NA,RUBENS BUENO
74371,câmara,RUBENS OTONI,PT,GO,RubensOtoni,NA,RUBENS OTONI GOMIDE
178887,câmara,RUBENS PEREIRA JÚNIOR,PCdoB,MA,rubenspereirajr,NA,RUBENS PEREIRA E SILVA JUNIOR
73604,câmara,RUI FALCÃO,PT,SP,rfalcao13,NA,RUI GOETHE DA COSTA FALCÃO
160635,câmara,RUY CARNEIRO,PSDB,PB,depruycarneiro,NA,RUY MANUEL CARNEIRO BARBOSA DE ACA BELCHIOR
204535,câmara,SÂMIA BOMFIM,PSOL,SP,samiabomfim,NA,SAMIA DE SOUZA BOMFIM
178990,câmara,SAMUEL MOREIRA,PSDB,SP,samuelmoreira,NA,SAMUEL MOREIRA DA SILVA JUNIOR
160621,câmara,SANDRO ALEX,PSD,PR,SandroAlex2323,SandroAlex5555,SANDRO ALEX CRUZ DE OLIVEIRA
90842,câmara,SANTINI,PTB,RS,dep_santini,NA,RONALDO SANTINI
204387,câmara,SARGENTO FAHUR,PSD,PR,SargentoFAHUR,NA,GILSON CARDOSO FAHUR
204399,câmara,SCHIAVINATO,PP,PR,Schiavinato_,NA,JOSE CARLOS SCHIAVINATO
178921,câmara,SEBASTIÃO OLIVEIRA,PR,PE,Seba_Oliveira,NA,SEBASTIAO IGNACIO DE OLIVEIRA JUNIOR
73808,câmara,SÉRGIO BRITO,PSD,BA,sergiobritoBA,NA,SÉRGIO LUÍS LACERDA BRITO
178933,câmara,SERGIO SOUZA,MDB,PR,_sergiosouza,NA,SERGIO DE SOUZA
204438,câmara,SERGIO TOLEDO,PR,AL,depsergiotoledo,NA,SERGIO TOLEDO DE ALBUQUERQUE
178874,câmara,SERGIO VIDIGAL,PDT,ES,vidigalsergio,NA,ANTONIO SERGIO ALVES VIDIGAL
204437,câmara,SEVERINO PESSOA,PRB,AL,NA,NA,SEVERINO DE LIRA PESSÔA
178961,câmara,SHÉRIDAN,PSDB,RR,depsheridan,NA,SHÉRIDAN ESTÉRFANY OLIVEIRA
204557,câmara,SIDNEY LEITE,PSD,AM,sidneyleite_,NA,SIDNEY RICARDO DE OLIVEIRA LEITE
74356,câmara,SILAS CÂMARA,PRB,AM,SilasCamaraAM‏,silascamara_,SILAS CÂMARA
204360,câmara,SILVIA CRISTINA,PDT,RO,NA,NA,SILVIA CRISTINA AMANCIO CHAGAS
204425,câmara,SILVIO COSTA FILHO,PRB,PE,Silvio_CFilho,NA,SILVIO SERAFIM COSTA FILHO
178946,câmara,SORAYA SANTOS,PR,RJ,sorayasantos,NA,SORAYA ALENCAR DOS SANTOS
178947,câmara,SÓSTENES CAVALCANTE,DEM,RJ,DepSostenes,NA,SOSTENES SILVA CAVALCANTE
92776,câmara,STEFANO AGUIAR,PSD,MG,depstefano,NA,STEFANO AGUIAR DOS SANTOS
177282,câmara,SUBTENENTE GONZAGA,PDT,MG,SubGonzagaMG,NA,LUIZ GONZAGA RIBEIRO
204534,câmara,TABATA AMARAL,PDT,SP,tabataamaralsp,NA,TABATA CLAUDIA AMARAL DE PONTES
178922,câmara,TADEU ALENCAR,PSB,PE,NA,NA,FRANCISCO TADEU BARBOSA DE ALENCAR
204464,câmara,TALÍRIA PETRONE,PSOL,RJ,taliriapetrone,NA,TALIRIA PETRONE SOARES
206231,câmara,TED CONTI,PSB,ES,NA,NA,JOÃO BATISTA CONTI
178901,câmara,TEREZA CRISTINA,DEM,MS,TerezaCrisMS,NA,TEREZA CRISTINA CORREA DA COSTA DIAS
204466,câmara,TEREZA NELMA,PSDB,AL,TerezaNelma_,NA,TEREZA NELMA DA SILVA PORTO VIANA SOARES
143084,câmara,TIAGO DIMAS,SOLIDARIEDADE,TO,tiago_dimas,NA,TIAGO BRAGA PEREIRA
204519,câmara,TIAGO MITRAUD,NOVO,MG,TiagoMitraud,NA,TIAGO LIMA MITRAUD DE CASTRO LEITE
160976,câmara,TIRIRICA,PR,SP,tiriricanaweb,NA,FRANCISCO EVERARDO OLIVEIRA SILVA
197438,câmara,TITO,AVANTE,BA,NA,NA,CARLOS TITO MARQUES CORDEIRO
178934,câmara,TONINHO WANDSCHEER,PROS,PR,deputadotoninho,NA,ANTONIO WANDSCHEER
157130,câmara,TÚLIO GADÊLHA,PDT,PE,tuliogadelha,NA,TÚLIO GADÊLHA SALES DE MELO
204416,câmara,UBIRATAN SANDERSON,PSL,RS,SandersonPF,NA,UBIRATAN ANTUNES SANDERSON
178863,câmara,ULDURICO JUNIOR,PPL,BA,ulduricopinto,NA,ULDURICO ALENCAR PINTO
195866,câmara,VAIDON OLIVEIRA,PROS,CE,VaidonOliveira,NA,FRANCISCO VAIDON OLIVEIRA
204385,câmara,VALDEVAN NOVENTA,PSC,SE,dep_fed_noventa,NA,JOSE VALDEVAM DE JESUS SANTOS
160610,câmara,VALMIR ASSUNÇÃO,PT,BA,falavalmir,DepValmir,VALMIR CARLOS DA ASSUNÇÃO
74376,câmara,VANDER LOUBET,PT,MS,vanderloubet,NA,VANDER LUIZ DOS SANTOS LOUBET
141553,câmara,VANDERLEI MACRIS,PSDB,SP,vanderleimacris,NA,VANDERLEI MACRIS
204505,câmara,VAVÁ MARTINS,PRB,PA,VavaMartins,NA,WAGNER BACH MARTINS
204396,câmara,VERMELHO,PSD,PR,NA,NA,NELSI COGUETTO MARIA
74283,câmara,VICENTINHO,PT,SP,VICENTINHOPT,NA,VICENTE PAULO DA SILVA
137070,câmara,VICENTINHO JÚNIOR,PR,TO,vicentinhojr,NA,VICENTE ALVES DE OLIVEIRA JUNIOR
204483,câmara,VILSON DA FETAEMG,PSB,MG,NA,NA,VILSON LUIZ DA SILVA
141555,câmara,VINICIUS CARVALHO,PRB,SP,falecomvinicius,NA,VINICIUS RAPOZO DE CARVALHO
204478,câmara,VINICIUS FARAH,MDB,RJ,Vinicius_Farah,NA,VINICIUS MEDEIROS FARAH
160591,câmara,VINICIUS GURGEL,PR,AP,vinicius2828,NA,VINICIUS DE AZEVEDO GURGEL
204532,câmara,VINICIUS POIT,NOVO,SP,ViniciusPoit,NA,VINICIUS LAZZER POIT
178992,câmara,VITOR LIPPI,PSDB,SP,DepVitorLippi,vitorlippi4510,VITOR LIPPI
204443,câmara,WAGNER MONTES,PRB,RJ,depwagnermontes,NA,WAGNER MONTES DOS SANTOS
160569,câmara,WALDENOR PEREIRA,PT,BA,waldenorpereira,NA,WALDENOR ALVES PEREIRA FILHO
178952,câmara,WALTER ALVES,MDB,RN,WalterAlvesRN,NA,WALTER PEREIRA ALVES
160518,câmara,WELITON PRADO,PROS,MG,pradoweliton,NA,WELITON FERNANDES PRADO
74043,câmara,WELLINGTON ROBERTO,PR,PB,wr22,NA,JOSÉ WELLINGTON ROBERTO
74044,câmara,WILSON SANTIAGO,PTB,PB,WilsonSantiago_,NA,JOSÉ WILSON SANTIAGO
204463,câmara,WLADIMIR GAROTINHO,PRP,RJ,WladGarotinho,NA,WLADIMIR BARROS ASSED MATHEUS DE OLIVEIRA
74439,câmara,WOLNEY QUEIROZ,PDT,PE,WolneyQueirozM,NA,WOLNEY QUEIROZ MACIEL
178889,câmara,ZÉ CARLOS,PT,MA,Dep_ZeCarlosPT,NA,JOSÉ CARLOS NUNES JÚNIOR
204559,câmara,ZÉ NETO,PT,BA,depzeneto,NA,JOSÉ CERQUEIRA DE SANTANA NETO
160632,câmara,ZÉ SILVA,SOLIDARIEDADE,MG,ZeSilva_,NA,JOSÉ SILVA SOARES
204517,câmara,ZÉ VITOR,PMN,MG,NA,NA,JOSE VITOR DE RESENDE AGUIAR
160592,câmara,ZECA DIRCEU,PT,PR,zeca_dirceu,NA,JOSÉ CARLOS BECKER DE OLIVEIRA E SILVA
4981,senado,ACIR GURGACZ,PDT,RO,acirgurgacz,NA,ACIR GURGACZ
5982,senado,ALESSANDRO VIEIRA,PPS,SE,sen_alessandro,NA,ALESSANDRO VIEIRA
945,senado,ALVARO DIAS,PODE,PR,alvarodias_,NA,ALVARO DIAS
5967,senado,ANGELO CORONEL,PSD,BA,angelocoronel_,NA,ANGELO CORONEL
5529,senado,ANTONIO ANASTASIA,PSDB,MG,Anastasia,NA,ANTONIO ANASTASIA
751,senado,AROLDE DE OLIVEIRA,PSD,RJ,AroldeOliveira,NA,AROLDE DE OLIVEIRA
5990,senado,CARLOS VIANA,PSD,MG,carlosaviana,NA,CARLOS VIANA
470,senado,CHICO RODRIGUES,DEM,RR,NA,NA,CHICO RODRIGUES
5973,senado,CID GOMES,PDT,CE,cidfgomes,NA,CID GOMES
739,senado,CIRO NOGUEIRA,PP,PI,ciro_nogueira,NA,CIRO NOGUEIRA
475,senado,CONFÚCIO MOURA,MDB,RO,confuciomoura,NA,CONFÚCIO MOURA
5998,senado,DANIELLA RIBEIRO,PP,PB,soudaniella111,NA,DANIELLA RIBEIRO
5537,senado,DÁRIO BERGER,MDB,SC,darioberger,NA,DÁRIO BERGER
3830,senado,DAVI ALCOLUMBRE,DEM,AP,davialcolumbre,NA,DAVI ALCOLUMBRE
4994,senado,EDUARDO BRAGA,MDB,AM,EduardoBraga_AM,NA,EDUARDO BRAGA
5976,senado,EDUARDO GIRÃO,PODE,CE,EduGiraoOficial,NA,EDUARDO GIRÃO
3777,senado,EDUARDO GOMES,MDB,TO,EduardoGomesTO,NA,EDUARDO GOMES
5718,senado,ELIZIANE GAMA,PPS,MA,elizianegama,NA,ELIZIANE GAMA
5531,senado,ELMANO FÉRRER,PODE,PI,elmanoferrer,NA,ELMANO FÉRRER
22,senado,ESPERIDIÃO AMIN,PP,SC,esperidiaoamin_,NA,ESPERIDIÃO AMIN
5953,senado,FABIANO CONTARATO,REDE,ES,ContaratoSenado,NA,FABIANO CONTARATO
5540,senado,FERNANDO BEZERRA COELHO,MDB,PE,fbezerracoelho,NA,FERNANDO BEZERRA COELHO
4525,senado,FERNANDO COLLOR,PROS,AL,Collor,NA,FERNANDO COLLOR
345,senado,FLÁVIO ARNS,REDE,PR,ArnsFlavio,NA,FLÁVIO ARNS
5894,senado,FLÁVIO BOLSONARO,PSL,RJ,FlavioBolsonaro,NA,FLÁVIO BOLSONARO
5008,senado,HUMBERTO COSTA,PT,PE,senadorhumberto,NA,HUMBERTO COSTA
5385,senado,IRAJÁ,PSD,TO,iraja555,NA,IRAJÁ
4770,senado,IZALCI LUCAS,PSDB,DF,IzalciLucas,NA,IZALCI LUCAS
35,senado,JADER BARBALHO,MDB,PA,jader_barbalho,NA,JADER BARBALHO
581,senado,JAQUES WAGNER,PT,BA,jaqueswagner,NA,JAQUES WAGNER
4545,senado,JARBAS VASCONCELOS,MDB,PE,Jarbas156,NA,JARBAS VASCONCELOS
4531,senado,JAYME CAMPOS,DEM,MT,NA,NA,JAYME CAMPOS
5627,senado,JEAN PAUL PRATES,PT,RN,jpprates,NA,JEAN PAUL PRATES
5895,senado,JORGE KAJURU,PSB,GO,SenadorKajuru,NA,JORGE KAJURU
5350,senado,JORGINHO MELLO,PR,SC,jorginhomello,NA,JORGINHO MELLO
3361,senado,JOSÉ MARANHÃO,MDB,PB,josemaranhaopb,NA,JOSÉ MARANHÃO
90,senado,JOSÉ SERRA,PSDB,SP,joseserra_,NA,JOSÉ SERRA
1249,senado,KÁTIA ABREU,PDT,TO,KatiaAbreu,NA,KÁTIA ABREU
5533,senado,LASIER MARTINS,PODE,RS,lasiermartins,NA,LASIER MARTINS
5979,senado,LEILA BARROS,PSB,DF,leiladovolei,NA,LEILA BARROS
5926,senado,LUCAS BARRETO,PSD,AP,LucasBarreto_AP,NA,LUCAS BARRETO
1186,senado,LUIS CARLOS HEINZE,PP,RS,SenadorHeinze,NA,LUIS CARLOS HEINZE
5585,senado,LUIZ DO CARMO,MDB,GO,_luizdocarmo,NA,LUIZ DO CARMO
5557,senado,MAILZA GOMES,PP,AC,MailzaGomes,NA,MAILZA GOMES
5666,senado,MAJOR OLIMPIO,PSL,SP,majorolimpio,NA,MAJOR OLIMPIO
5376,senado,MARA GABRILLI,PSDB,SP,maragabrilli,NA,MARA GABRILLI
742,senado,MARCELO CASTRO,MDB,PI,MarceloCastroPI,NA,MARCELO CASTRO
285,senado,MARCIO BITTAR,MDB,AC,marciombittar,NA,MARCIO BITTAR
5942,senado,MARCOS DO VAL,PPS,ES,marcosdoval,NA,MARCOS DO VAL
5422,senado,MARCOS ROGÉRIO,DEM,RO,MarcosRogerio,NA,MARCOS ROGÉRIO
1023,senado,MARIA DO CARMO ALVES,DEM,SE,MariaSenadora,NA,MARIA DO CARMO ALVES
6027,senado,MECIAS DE JESUS,PRB,RR,meciasdejesus,NA,MECIAS DE JESUS
5985,senado,NELSINHO TRAD,PSD,MS,nelsinhotrad,NA,NELSINHO TRAD
5525,senado,OMAR AZIZ,PSD,AM,OmarAzizPSD,NA,OMAR AZIZ
5924,senado,ORIOVISTO GUIMARÃES,PODE,PR,Sen_Oriovisto,NA,ORIOVISTO GUIMARÃES
5523,senado,OTTO ALENCAR,PSD,BA,ottoalencar,NA,OTTO ALENCAR
825,senado,PAULO PAIM,PT,RS,paulopaim,NA,PAULO PAIM
374,senado,PAULO ROCHA,PT,PA,PauloRocha_13,NA,PAULO ROCHA
5502,senado,PLÍNIO VALÉRIO,PSDB,AM,PlinioValerio45,NA,PLÍNIO VALÉRIO
5012,senado,RANDOLFE RODRIGUES,REDE,AP,randolfeap,NA,RANDOLFE RODRIGUES
5236,senado,REGUFFE,S/Partido,DF,Reguffe,NA,REGUFFE
70,senado,RENAN CALHEIROS,MDB,AL,renancalheiros,NA,RENAN CALHEIROS
677,senado,ROBERTO ROCHA,PSDB,MA,SigaRoberto_,NA,ROBERTO ROCHA
5905,senado,RODRIGO CUNHA,PSDB,AL,RodrigoCunhaAL,NA,RODRIGO CUNHA
5732,senado,RODRIGO PACHECO,DEM,MG,rpsenador,NA,RODRIGO PACHECO
5352,senado,ROGÉRIO CARVALHO,PT,SE,SenadorRogerio,NA,ROGÉRIO CARVALHO
5322,senado,ROMÁRIO,PODE,RJ,RomarioOnze,NA,ROMÁRIO
2331,senado,ROSE DE FREITAS,PODE,ES,senadorarose,NA,ROSE DE FREITAS
5929,senado,SELMA ARRUDA,PSL,MT,SenadoraSelma,NA,SELMA ARRUDA
4560,senado,SÉRGIO PETECÃO,PSD,AC,senadorpetecao,NA,SÉRGIO PETECÃO
5527,senado,SIMONE TEBET,MDB,MS,SimoneTebetms,NA,SIMONE TEBET
5988,senado,SORAYA THRONICKE,PSL,MS,SorayaThronicke,NA,SORAYA THRONICKE
5959,senado,STYVENSON VALENTIM,PODE,RN,SenStyvenson,NA,STYVENSON VALENTIM
3396,senado,TASSO JEREISSATI,PSDB,CE,tassojereissati,NA,TASSO JEREISSATI
5535,senado,TELMÁRIO MOTA,PROS,RR,TelmarioMotaRR,NA,TELMÁRIO MOTA
5899,senado,VANDERLAN CARDOSO,PP,GO,Vanderlan_VC,NA,VANDERLAN CARDOSO
5748,senado,VENEZIANO VITAL DO RÊGO,PSB,PB,venezianovital,NA,VENEZIANO VITAL DO RÊGO
1173,senado,WELLINGTON FAGUNDES,PR,MT,sen_wellington,NA,WELLINGTON FAGUNDES
5411,senado,WEVERTON,PDT,MA,wevertonrocha,NA,WEVERTON
5783,senado,ZENAIDE MAIA,PROS,RN,zenaidern,NA,ZENAIDE MAIA
3806,senado,ZEQUINHA MARINHO,PSC,PA,ZequinhaMarinho,zequinhamarynho,ZEQUINHA MARINHO
